{
  "mean": {
    "sharpe": 0.1423380285085383,
    "sortino": 0.2432245817393444,
    "drawdown": -0.17917963101554205,
    "volatility": 0.011895961233751638,
    "cumulative": 0.5047529303449108,
    "annualized": 0.5047529303449108,
    "calmar": 2.8170219776339893
  },
  "std": {
    "sharpe": 2.7755575615628914e-17,
    "sortino": 8.326672684688674e-17,
    "drawdown": 5.551115123125783e-17,
    "volatility": 5.204170427930421e-18,
    "cumulative": 0.0,
    "annualized": 0.0,
    "calmar": 4.440892098500626e-16
  }
}