{
  "mean": {
    "sharpe": 0.05711730959213322,
    "sortino": 0.090049685160155,
    "drawdown": -0.19713221391134916,
    "volatility": 0.018558801049693274,
    "cumulative": 0.2506506741827066,
    "annualized": 0.2506506741827066,
    "calmar": 1.2714851719276918
  },
  "std": {
    "sharpe": 6.938893903907228e-18,
    "sortino": 2.7755575615628914e-17,
    "drawdown": 0.0,
    "volatility": 0.0,
    "cumulative": 0.0,
    "annualized": 0.0,
    "calmar": 0.0
  }
}