{
  "mean": {
    "sharpe": 0.07090225821732128,
    "sortino": 0.6394915142171164,
    "drawdown": -0.026847991770150473,
    "volatility": 0.012320670534478263,
    "cumulative": 0.20121838379772902,
    "annualized": 0.22638427959833035,
    "calmar": 8.43298993105532
  },
  "std": {
    "sharpe": 0.005785654820101734,
    "sortino": 0.3586669425603106,
    "drawdown": 1.4061756135955396e-05,
    "volatility": 0.007080974662788639,
    "cumulative": 0.11324242833755091,
    "annualized": 0.1283215521517327,
    "calmar": 4.7811886077799315
  }
}